thr,f1,mae_onset,mae_recov,skill_onset,skill_recov,composite,recall
0.0,0.5185185185185185,2.6028571428571428,3.0428571428571427,0.6581841528186572,0.06132429451375232,0.41267565528364275,1.0
0.01,0.5185185185185185,2.6028571428571428,3.0428571428571427,0.6581841528186572,0.06132429451375232,0.41267565528364275,1.0
0.02,0.5185185185185185,2.6028571428571428,3.0428571428571427,0.6581841528186572,0.06132429451375232,0.41267565528364275,1.0
0.03,0.5185185185185185,2.6028571428571428,3.0428571428571427,0.6581841528186572,0.06132429451375232,0.41267565528364275,1.0
0.04,0.5185185185185185,2.6028571428571428,3.0428571428571427,0.6581841528186572,0.06132429451375232,0.41267565528364275,1.0
0.05,0.5186465794023215,2.6028571428571428,3.0428571428571427,0.6581841528186572,0.06132429451375232,0.4127183422449104,1.0
0.06,0.5190311418685121,2.6028571428571428,3.0428571428571427,0.6581841528186572,0.06132429451375232,0.41284652973364055,1.0
0.07,0.5194355038375835,2.6285714285714286,3.0714285714285716,0.65480726739096,0.05251043812420997,0.4089177364509178,0.9990476190476191
0.08,0.5207453416149068,2.6485714285714286,3.0942857142857143,0.6521808009471955,0.0454593530125762,0.4061284985248929,0.9980952380952381
0.09,0.5221945137157107,2.6752380952380954,3.118095238095238,0.6486788456888429,0.03811447268795776,0.4029959440308371,0.9971428571428571
0.1,0.5248618784530387,2.7257142857142855,3.1666666666666665,0.6420501446641043,0.02313091682573598,0.3966809799809596,0.9952380952380953
0.11,0.525278058645096,2.875238095238095,3.317142857142857,0.6224141812511986,0.0,0.3825640799654315,0.9895238095238095
0.12,0.5273098519652885,3.021904761904762,3.473333333333333,0.6031534273302595,0.0,0.3768210930985159,0.9838095238095238
0.13,0.5318158303155717,3.1552380952380954,3.6,0.5856436510384966,0.0,0.37248649378468945,0.979047619047619
0.14,0.5318646734854445,3.4952380952380953,3.9495238095238094,0.5409937214945011,0.0,0.35761946499331526,0.9657142857142857
0.15,0.5329421178981062,3.875238095238095,4.328571428571428,0.4910908590629769,0.0,0.3413443256536944,0.9514285714285714
0.16,0.5369565217391304,4.153333333333333,4.617142857142857,0.45457046851158567,0.0,0.3305089967502387,0.940952380952381
0.17,0.53646408839779,4.56,5.0495238095238095,0.40116565082170885,0.0,0.3125432464064996,0.9247619047619048
0.18,0.5382436260623229,5.088571428571429,5.583809523809524,0.33175189480793443,0.0,0.28999850695675244,0.9047619047619048
0.19,0.5420289855072464,5.464761904761905,5.965714285714285,0.282349311699032,0.0,0.27479276573542616,0.8904761904761904
0.2,0.5476190476190477,5.831428571428572,6.350476190476191,0.234197426896684,0.0,0.26060549150524387,0.8761904761904762
0.21,0.5512625494371768,6.1761904761904765,6.704761904761905,0.18892214819941133,0.0,0.24672823254552936,0.8628571428571429
0.22,0.5557644110275689,6.595238095238095,7.185714285714286,0.13389142271101373,0.0,0.22988527791286087,0.8447619047619047
0.23,0.558889964504679,7.1276190476190475,7.74,0.06397738737461756,0.0,0.20762245062643217,0.8247619047619048
0.24,0.5593844095015055,7.859047619047619,8.505714285714285,0.0,0.0,0.18646146983383516,0.7961904761904762
0.25,0.5673611111111111,8.304761904761905,9.006666666666666,0.0,0.0,0.18912037037037036,0.7780952380952381
0.26,0.5715315315315316,8.91047619047619,9.620952380952382,0.0,0.0,0.19051051051051052,0.7552380952380953
0.27,0.5755770662695457,9.348571428571429,10.128571428571428,0.0,0.0,0.1918590220898486,0.7361904761904762
0.28,0.5779497098646035,9.953333333333333,10.799047619047618,0.0,0.0,0.19264990328820117,0.7114285714285714
0.29,0.5865384615384616,10.331428571428571,11.197142857142858,0.0,0.0,0.1955128205128205,0.6971428571428572
0.3,0.5914429530201343,10.96,11.88,0.0,0.0,0.19714765100671142,0.6714285714285714
0.31,0.6111611161116112,11.61047619047619,12.543809523809523,0.0,0.0,0.20372037203720372,0.6466666666666666
0.32,0.6285150468672915,12.66095238095238,13.617142857142857,0.0,0.0,0.2095050156224305,0.6066666666666667
0.33,0.6329248801278636,13.684761904761904,14.732380952380952,0.0,0.0,0.2109749600426212,0.5657142857142857
0.34,0.6442577030812325,14.134285714285713,15.217142857142857,0.0,0.0,0.21475256769374418,0.5476190476190477
0.35000000000000003,0.6428159261396422,14.565714285714286,15.673333333333334,0.0,0.0,0.21427197537988074,0.5304761904761904
0.36,0.6453900709219859,14.843809523809524,15.962857142857143,0.0,0.0,0.21513002364066194,0.52
0.37,0.6423444976076556,15.056190476190476,16.196190476190477,0.0,0.0,0.21411483253588517,0.5114285714285715
0.38,0.6452784503631961,15.156190476190476,16.3,0.0,0.0,0.21509281678773204,0.5076190476190476
0.39,0.6466992665036675,15.266666666666667,16.406666666666666,0.0,0.0,0.21556642216788915,0.5038095238095238
0.4,0.6440468846391116,15.436190476190475,16.583809523809524,0.0,0.0,0.2146822948797039,0.49714285714285716
0.41000000000000003,0.6434782608695652,15.531428571428572,16.68857142857143,0.0,0.0,0.2144927536231884,0.49333333333333335
0.42,0.6437928883343731,15.587619047619048,16.744761904761905,0.0,0.0,0.21459762944479102,0.49142857142857144
0.43,0.6433041301627034,15.640952380952381,16.795238095238094,0.0,0.0,0.21443471005423445,0.4895238095238095
0.44,0.6424090338770388,15.687619047619048,16.846666666666668,0.0,0.0,0.21413634462567963,0.4876190476190476
0.45,0.6410094637223974,15.793333333333333,16.95047619047619,0.0,0.0,0.21366982124079914,0.4838095238095238
0.46,0.6410094637223974,15.793333333333333,16.95047619047619,0.0,0.0,0.21366982124079914,0.4838095238095238
0.47000000000000003,0.6414141414141414,15.793333333333333,16.95047619047619,0.0,0.0,0.2138047138047138,0.4838095238095238
0.48,0.6375158428390367,15.92,17.079047619047618,0.0,0.0,0.21250528094634558,0.47904761904761906
0.49,0.6317804722399489,16.134285714285713,17.27904761904762,0.0,0.0,0.21059349074664965,0.4714285714285714
0.5,0.6237942122186495,16.416190476190476,17.538095238095238,0.0,0.0,0.20793140407288316,0.46190476190476193
0.51,0.5563808237677245,18.465714285714284,19.404761904761905,0.0,0.0,0.1854602745892415,0.3923809523809524
0.52,0.5567567567567567,18.465714285714284,19.404761904761905,0.0,0.0,0.18558558558558558,0.3923809523809524
0.53,0.556910569105691,18.493333333333332,19.42952380952381,0.0,0.0,0.18563685636856367,0.3914285714285714
0.54,0.556910569105691,18.493333333333332,19.42952380952381,0.0,0.0,0.18563685636856367,0.3914285714285714
0.55,0.5572881355932203,18.493333333333332,19.42952380952381,0.0,0.0,0.18576271186440677,0.3914285714285714
0.56,0.5572881355932203,18.493333333333332,19.42952380952381,0.0,0.0,0.18576271186440677,0.3914285714285714
0.5700000000000001,0.5563093622795116,18.52,19.457142857142856,0.0,0.0,0.18543645409317053,0.3904761904761905
0.58,0.5566870332654447,18.52,19.457142857142856,0.0,0.0,0.18556234442181488,0.3904761904761905
0.59,0.5547246770904147,18.572380952380954,19.50952380952381,0.0,0.0,0.1849082256968049,0.38857142857142857
0.6,0.5547246770904147,18.572380952380954,19.50952380952381,0.0,0.0,0.1849082256968049,0.38857142857142857
0.61,0.5537414965986395,18.6,19.537142857142857,0.0,0.0,0.18458049886621317,0.38761904761904764
0.62,0.5521472392638037,18.656190476190478,19.584761904761905,0.0,0.0,0.18404907975460125,0.38571428571428573
0.63,0.5521472392638037,18.656190476190478,19.584761904761905,0.0,0.0,0.18404907975460125,0.38571428571428573
0.64,0.5525238744884038,18.656190476190478,19.584761904761905,0.0,0.0,0.18417462482946792,0.38571428571428573
0.65,0.5525238744884038,18.656190476190478,19.584761904761905,0.0,0.0,0.18417462482946792,0.38571428571428573
0.66,0.5505464480874317,18.71142857142857,19.636190476190475,0.0,0.0,0.18351548269581056,0.3838095238095238
0.67,0.546328071379547,18.847619047619048,19.765714285714285,0.0,0.0,0.18210935712651566,0.379047619047619
0.68,0.546328071379547,18.847619047619048,19.765714285714285,0.0,0.0,0.18210935712651566,0.379047619047619
0.6900000000000001,0.5453296703296703,18.875238095238096,19.78952380952381,0.0,0.0,0.18177655677655677,0.3780952380952381
0.7000000000000001,0.5443298969072164,18.902857142857144,19.815238095238094,0.0,0.0,0.18144329896907216,0.37714285714285717
0.71,0.5423262216104611,18.95809523809524,19.865714285714287,0.0,0.0,0.18077540720348703,0.37523809523809526
0.72,0.5376641326883207,19.1,19.99047619047619,0.0,0.0,0.17922137756277357,0.37047619047619046
0.73,0.5356401384083045,19.156190476190478,20.043809523809525,0.0,0.0,0.17854671280276815,0.36857142857142855
0.74,0.5336105336105336,19.212380952380954,20.096190476190475,0.0,0.0,0.17787017787017786,0.36666666666666664
0.75,0.526829268292683,19.410476190476192,20.26952380952381,0.0,0.0,0.175609756097561,0.36
0.76,0.4470588235294118,21.486666666666668,22.194285714285716,0.0,0.0,0.14901960784313725,0.2895238095238095
0.77,0.4470588235294118,21.486666666666668,22.194285714285716,0.0,0.0,0.14901960784313725,0.2895238095238095
0.78,0.445916114790287,21.515238095238097,22.221904761904764,0.0,0.0,0.14863870493009565,0.2885714285714286
0.79,0.445916114790287,21.515238095238097,22.221904761904764,0.0,0.0,0.14863870493009565,0.2885714285714286
0.8,0.4424778761061947,21.599047619047617,22.296190476190475,0.0,0.0,0.14749262536873156,0.2857142857142857
0.81,0.44132841328413286,21.626666666666665,22.32190476190476,0.0,0.0,0.14710947109471095,0.28476190476190477
0.8200000000000001,0.4401772525849335,21.654285714285713,22.345714285714287,0.0,0.0,0.1467257508616445,0.2838095238095238
0.8300000000000001,0.43902439024390244,21.68190476190476,22.373333333333335,0.0,0.0,0.14634146341463414,0.28285714285714286
0.84,0.4378698224852071,21.708571428571428,22.399047619047618,0.0,0.0,0.14595660749506903,0.2819047619047619
0.85,0.4378698224852071,21.708571428571428,22.399047619047618,0.0,0.0,0.14595660749506903,0.2819047619047619
0.86,0.43555555555555553,21.763809523809524,22.447619047619046,0.0,0.0,0.14518518518518517,0.28
0.87,0.43439584877687176,21.791428571428572,22.475238095238094,0.0,0.0,0.14479861625895726,0.27904761904761904
0.88,0.43439584877687176,21.791428571428572,22.475238095238094,0.0,0.0,0.14479861625895726,0.27904761904761904
0.89,0.4309063893016345,21.877142857142857,22.553333333333335,0.0,0.0,0.14363546310054484,0.2761904761904762
0.9,0.4262295081967213,21.98857142857143,22.64761904761905,0.0,0.0,0.14207650273224043,0.2723809523809524
0.91,0.4218399401645475,22.099047619047617,22.745714285714286,0.0,0.0,0.1406133133881825,0.26857142857142857
0.92,0.405446293494705,22.49142857142857,23.107619047619046,0.0,0.0,0.135148764498235,0.25523809523809526
0.93,0.39756283320639757,22.687619047619048,23.28857142857143,0.0,0.0,0.13252094440213252,0.24857142857142858
0.9400000000000001,0.3409629044988161,23.946666666666665,24.44952380952381,0.0,0.0,0.11365430149960537,0.2057142857142857
0.9500000000000001,0.2556016597510373,25.677142857142858,26.024761904761906,0.0,0.0,0.08520055325034577,0.14666666666666667
